keyword,track_name,artist_name,album_name,release_date,genre,track_view_url,html_title,html_description,release_year,duration,duration_sec,song_age,title_length,title_words,is_single,is_collab,genre_Alternative,genre_Dance,genre_Pop,genre_R&B/Soul
bruno major,Nothing,Bruno Major,Nothing - Single,2019-09-12,Alternative,https://music.apple.com/us/album/nothing/1476047740?i=1476047741&uo=4,Nothing by Bruno Major on Apple Music,Song · 2019 · Duration 2:42,2019,2:42,162,7,7,1,1,0,1,0,0,0
taylor swift,Patient Zero,Taylor Swift,The Life of a Showgirl: The Encore,2026-09-24,Pop,https://music.apple.com/us/album/patient-zero/6814997249?i=6814997425&uo=4,Patient Zero by Taylor Swift on Apple Music,Song · 2026 · Duration 3:45,2026,3:45,225,0,12,2,0,0,0,0,1,0
raisa,Raisa,Fly Project,Fly Project,2005-09-10,Dance,https://music.apple.com/us/album/raisa/982556288?i=982556292&uo=4,Raisa by Fly Project on Apple Music,Song · 2005 · Duration 3:22,2005,3:22,202,21,5,1,0,0,0,1,0,0
tulus,Monokrom,Tulus,Monokrom,2016-08-03,Pop,https://music.apple.com/us/album/monokrom/1137907436?i=1137907946&uo=4,Monokrom by Tulus on Apple Music,Song · 2016 · Duration 3:34,2016,3:34,214,10,8,1,0,0,0,0,1,0
bruno mars,Risk It All,Bruno Mars,The Romantic,2026-02-27,Pop,https://music.apple.com/us/album/risk-it-all/1866732792?i=1866732797&uo=4,Risk It All by Bruno Mars on Apple Music,Song · 2026 · Duration 3:24,2026,3:24,204,0,11,3,0,0,0,0,1,0
the weeknd,Call Out My Name,The Weeknd,"My Dear Melancholy,",2018-03-30,R&B/Soul,https://music.apple.com/us/album/call-out-my-name/1363309866?i=1363310482&uo=4,Call Out My Name by The Weeknd on Apple Music,Song · 2018 · Duration 3:48,2018,3:48,228,8,16,4,0,0,0,0,0,1
bernadya,Asumsi,Adrian Khalif & Bernadya,HARAP-HARAP EMAS,2024-09-27,Pop,https://music.apple.com/us/album/asumsi/1766988433?i=1766988773&uo=4,Asumsi by Adrian Khalif & Bernadya on Apple Music,Song · 2024 · Duration 4:21,2024,4:21,261,2,6,1,0,1,0,0,1,0
perunggu,33x,Perunggu,Memorandum,2022-03-11,Alternative,https://music.apple.com/us/album/33x/1867165025?i=1867165290&uo=4,33x by Perunggu on Apple Music,Song · 2022 · Duration 7:14,2022,7:14,434,4,3,1,0,0,1,0,0,0
hivi,Siapkah Kau 'Tuk Jatuh Cinta Lagi,HIVI!,Siapkah Kau 'Tuk Jatuh Cinta Lagi - Single,2015-04-21,Pop,https://music.apple.com/us/album/siapkah-kau-tuk-jatuh-cinta-lagi/1537179888?i=1537179895&uo=4,Siapkah Kau 'Tuk Jatuh Cinta Lagi by HIVI! on Apple Music,Song · 2015 · Duration 4:39,2015,4:39,279,11,33,6,1,0,0,0,1,0
pamungkas,To the Bone,Pamungkas,Flying Solo,2019-06-14,Pop,https://music.apple.com/us/album/to-the-bone/1787344762?i=1787344772&uo=4,To the Bone by Pamungkas on Apple Music,Song · 2019 · Duration 5:44,2019,5:44,344,7,11,3,0,0,0,0,1,0
