keyword,track_name,artist_name,album_name,release_date,genre,preview_url,track_view_url
bruno major,Nothing,Bruno Major,Nothing - Single,2019-09-12T12:00:00Z,Alternative,https://audio-ssl.itunes.apple.com/itunes-assets/AudioPreview221/v4/aa/1b/2f/aa1b2f4f-7096-a855-606e-fe6aedceeb60/mzaf_3340848093671459151.plus.aac.p.m4a,https://music.apple.com/us/album/nothing/1476047740?i=1476047741&uo=4
taylor swift,Patient Zero,Taylor Swift,The Life of a Showgirl: The Encore,2026-09-24T07:00:00Z,Pop,https://audio-ssl.itunes.apple.com/itunes-assets/AudioPreview211/v4/0b/be/8c/0bbe8c0a-dc77-af41-97a5-c745cc43d38c/mzaf_11790447166833591507.plus.aac.p.m4a,https://music.apple.com/us/album/patient-zero/6814997249?i=6814997425&uo=4
raisa,Raisa,Fly Project,Fly Project,2005-09-10T12:00:00Z,Dance,https://audio-ssl.itunes.apple.com/itunes-assets/AudioPreview211/v4/de/08/34/de083443-99a3-fc1b-e8ac-7d02363090fc/mzaf_8246811246947645604.plus.aac.p.m4a,https://music.apple.com/us/album/raisa/982556288?i=982556292&uo=4
tulus,Monokrom,Tulus,Monokrom,2016-08-03T12:00:00Z,Pop,https://audio-ssl.itunes.apple.com/itunes-assets/AudioPreview221/v4/f0/7b/00/f07b00d4-cea0-79f0-3062-7e2b2d2d274a/mzaf_7698224852945153762.plus.aac.p.m4a,https://music.apple.com/us/album/monokrom/1137907436?i=1137907946&uo=4
bruno mars,Risk It All,Bruno Mars,The Romantic,2026-02-27T08:00:00Z,Pop,https://audio-ssl.itunes.apple.com/itunes-assets/AudioPreview221/v4/61/fc/d7/61fcd7e8-ea20-2f90-3672-09516cd050e6/mzaf_12696195794831485731.plus.aac.p.m4a,https://music.apple.com/us/album/risk-it-all/1866732792?i=1866732797&uo=4
the weeknd,Call Out My Name,The Weeknd,"My Dear Melancholy,",2018-03-30T12:00:00Z,R&B/Soul,https://audio-ssl.itunes.apple.com/itunes-assets/AudioPreview211/v4/d1/2f/3d/d12f3d43-a2e2-eba4-8db5-91f3f3c13f5a/mzaf_8470584399239689698.plus.aac.p.m4a,https://music.apple.com/us/album/call-out-my-name/1363309866?i=1363310482&uo=4
bernadya,Asumsi,Adrian Khalif & Bernadya,HARAP-HARAP EMAS,2024-09-27T12:00:00Z,Pop,https://audio-ssl.itunes.apple.com/itunes-assets/AudioPreview211/v4/37/a9/52/37a952fc-8ced-a1f1-0e61-f12da71d38ac/mzaf_8086567056045188711.plus.aac.p.m4a,https://music.apple.com/us/album/asumsi/1766988433?i=1766988773&uo=4
perunggu,33x,Perunggu,Memorandum,2022-03-11T12:00:00Z,Alternative,https://audio-ssl.itunes.apple.com/itunes-assets/AudioPreview211/v4/64/d3/23/64d323bf-6e0b-2d07-6ce2-da0ebc432081/mzaf_2093128220087522458.plus.aac.p.m4a,https://music.apple.com/us/album/33x/1867165025?i=1867165290&uo=4
Hivi,Siapkah Kau 'Tuk Jatuh Cinta Lagi,HIVI!,Siapkah Kau 'Tuk Jatuh Cinta Lagi - Single,2015-04-21T12:00:00Z,Pop,https://audio-ssl.itunes.apple.com/itunes-assets/AudioPreview221/v4/5d/28/4b/5d284b4d-7ea3-1b7a-c92f-dfb497ec227c/mzaf_5091419617834298750.plus.aac.p.m4a,https://music.apple.com/us/album/siapkah-kau-tuk-jatuh-cinta-lagi/1537179888?i=1537179895&uo=4
pamungkas,To the Bone,Pamungkas,Flying Solo,2019-06-14T12:00:00Z,Pop,https://audio-ssl.itunes.apple.com/itunes-assets/AudioPreview211/v4/af/19/12/af1912b2-b7c1-568b-2fd8-d90c4f0ea72b/mzaf_14825437684461051115.plus.aac.p.m4a,https://music.apple.com/us/album/to-the-bone/1787344762?i=1787344772&uo=4
