keyword,track_name,artist_name,album_name,release_date,genre,preview_url,track_view_url,html_title,html_description,html_image,status_code
bruno major,Nothing,Bruno Major,Nothing - Single,2019-09-12T12:00:00Z,Alternative,https://audio-ssl.itunes.apple.com/itunes-assets/AudioPreview221/v4/aa/1b/2f/aa1b2f4f-7096-a855-606e-fe6aedceeb60/mzaf_3340848093671459151.plus.aac.p.m4a,https://music.apple.com/us/album/nothing/1476047740?i=1476047741&uo=4,Nothing by Bruno Major on AppleÂ Music,Song Â· 2019 Â· Duration 2:42,https://is1-ssl.mzstatic.com/image/thumb/Music112/v4/c5/98/fe/c598fe7e-83ce-5bdf-fab8-db7fa8faa24a/5056167117223.jpg/1200x630wp-60.jpg,200
taylor swift,Patient Zero,Taylor Swift,The Life of a Showgirl: The Encore,2026-09-24T07:00:00Z,Pop,https://audio-ssl.itunes.apple.com/itunes-assets/AudioPreview211/v4/0b/be/8c/0bbe8c0a-dc77-af41-97a5-c745cc43d38c/mzaf_11790447166833591507.plus.aac.p.m4a,https://music.apple.com/us/album/patient-zero/6814997249?i=6814997425&uo=4,Patient Zero by Taylor Swift on AppleÂ Music,Song Â· 2026 Â· Duration 3:45,https://is1-ssl.mzstatic.com/image/thumb/Music221/v4/a0/dd/fd/a0ddfd72-ee9e-f046-6466-a5dbefc696fa/26UM1IM21436.rgb.jpg/1200x630wp-60.jpg,200
raisa,Raisa,Fly Project,Fly Project,2005-09-10T12:00:00Z,Dance,https://audio-ssl.itunes.apple.com/itunes-assets/AudioPreview211/v4/de/08/34/de083443-99a3-fc1b-e8ac-7d02363090fc/mzaf_8246811246947645604.plus.aac.p.m4a,https://music.apple.com/us/album/raisa/982556288?i=982556292&uo=4,Raisa by Fly Project on AppleÂ Music,Song Â· 2005 Â· Duration 3:22,https://is1-ssl.mzstatic.com/image/thumb/Music124/v4/59/76/2a/59762a48-9423-b954-2ade-628f17fb5e3e/3832_Fly_Project_CDf1.jpg/1200x630wp-60.jpg,200
tulus,Monokrom,Tulus,Monokrom,2016-08-03T12:00:00Z,Pop,https://audio-ssl.itunes.apple.com/itunes-assets/AudioPreview221/v4/f0/7b/00/f07b00d4-cea0-79f0-3062-7e2b2d2d274a/mzaf_7698224852945153762.plus.aac.p.m4a,https://music.apple.com/us/album/monokrom/1137907436?i=1137907946&uo=4,Monokrom by Tulus on AppleÂ Music,Song Â· 2016 Â· Duration 3:34,https://is1-ssl.mzstatic.com/image/thumb/Music18/v4/d1/8f/41/d18f41cf-45e4-39f4-4d10-0a0af01f7eb7/cover.jpg/1200x630wp-60.jpg,200
bruno mars,Risk It All,Bruno Mars,The Romantic,2026-02-27T08:00:00Z,Pop,https://audio-ssl.itunes.apple.com/itunes-assets/AudioPreview221/v4/61/fc/d7/61fcd7e8-ea20-2f90-3672-09516cd050e6/mzaf_12696195794831485731.plus.aac.p.m4a,https://music.apple.com/us/album/risk-it-all/1866732792?i=1866732797&uo=4,Risk It All by Bruno Mars on AppleÂ Music,Song Â· 2026 Â· Duration 3:24,https://is1-ssl.mzstatic.com/image/thumb/Music211/v4/ed/46/bf/ed46bf4e-7cb9-965a-54f3-03059977fe6c/075679589293.jpg/1200x630wp-60.jpg,200
the weeknd,Call Out My Name,The Weeknd,"My Dear Melancholy,",2018-03-30T12:00:00Z,R&B/Soul,https://audio-ssl.itunes.apple.com/itunes-assets/AudioPreview211/v4/d1/2f/3d/d12f3d43-a2e2-eba4-8db5-91f3f3c13f5a/mzaf_8470584399239689698.plus.aac.p.m4a,https://music.apple.com/us/album/call-out-my-name/1363309866?i=1363310482&uo=4,Call Out My Name by The Weeknd on AppleÂ Music,Song Â· 2018 Â· Duration 3:48,https://is1-ssl.mzstatic.com/image/thumb/Music115/v4/2a/aa/b4/2aaab42a-a4cb-a600-4a25-d78961495960/18UMGIM17204.rgb.jpg/1200x630wp-60.jpg,200
bernadya,Asumsi,Adrian Khalif & Bernadya,HARAP-HARAP EMAS,2024-09-27T12:00:00Z,Pop,https://audio-ssl.itunes.apple.com/itunes-assets/AudioPreview211/v4/37/a9/52/37a952fc-8ced-a1f1-0e61-f12da71d38ac/mzaf_8086567056045188711.plus.aac.p.m4a,https://music.apple.com/us/album/asumsi/1766988433?i=1766988773&uo=4,Asumsi by Adrian Khalif & Bernadya on AppleÂ Music,Song Â· 2024 Â· Duration 4:21,https://is1-ssl.mzstatic.com/image/thumb/Music211/v4/97/28/60/972860fa-43c4-da2f-3d6b-1d65188a3856/198704145087_Cover.jpg/1200x630wp-60.jpg,200
perunggu,33x,Perunggu,Memorandum,2022-03-11T12:00:00Z,Alternative,https://audio-ssl.itunes.apple.com/itunes-assets/AudioPreview211/v4/64/d3/23/64d323bf-6e0b-2d07-6ce2-da0ebc432081/mzaf_2093128220087522458.plus.aac.p.m4a,https://music.apple.com/us/album/33x/1867165025?i=1867165290&uo=4,33x by Perunggu on AppleÂ Music,Song Â· 2022 Â· Duration 7:14,https://is1-ssl.mzstatic.com/image/thumb/Music211/v4/46/f9/d8/46f9d899-0194-e9f1-5ea0-c4c4719a53b7/3551441.jpg/1200x630wp-60.jpg,200
Hivi,Siapkah Kau 'Tuk Jatuh Cinta Lagi,HIVI!,Siapkah Kau 'Tuk Jatuh Cinta Lagi - Single,2015-04-21T12:00:00Z,Pop,https://audio-ssl.itunes.apple.com/itunes-assets/AudioPreview221/v4/5d/28/4b/5d284b4d-7ea3-1b7a-c92f-dfb497ec227c/mzaf_5091419617834298750.plus.aac.p.m4a,https://music.apple.com/us/album/siapkah-kau-tuk-jatuh-cinta-lagi/1537179888?i=1537179895&uo=4,Siapkah Kau 'Tuk Jatuh Cinta Lagi by HIVI! on AppleÂ Music,Song Â· 2015 Â· Duration 4:39,https://is1-ssl.mzstatic.com/image/thumb/Music114/v4/ce/fe/aa/cefeaac7-2d41-75e9-51c6-c009b3dea412/03614592043696_Cover.jpg/1200x630wp-60.jpg,200
pamungkas,To the Bone,Pamungkas,Flying Solo,2019-06-14T12:00:00Z,Pop,https://audio-ssl.itunes.apple.com/itunes-assets/AudioPreview211/v4/af/19/12/af1912b2-b7c1-568b-2fd8-d90c4f0ea72b/mzaf_14825437684461051115.plus.aac.p.m4a,https://music.apple.com/us/album/to-the-bone/1787344762?i=1787344772&uo=4,To the Bone by Pamungkas on AppleÂ Music,Song Â· 2019 Â· Duration 5:44,https://is1-ssl.mzstatic.com/image/thumb/Music211/v4/f4/42/c7/f442c726-f2a1-c045-829e-45f33f2fe1d0/3615939061533.png/1200x630wp-60.jpg,200
